2011-01-01,3.29
2011-01-02,5.71
2011-01-03,1.12
2011-01-04,0.55
2011-01-05,1.66
2011-01-06,-1.29
2011-01-07,-0.27
2011-01-08,-2.42
2011-01-09,-1.69
2011-01-10,-1.47
2011-01-11,-2.22
2011-01-12,-2.28
2011-01-13,-3.23
2011-01-14,-5.78
2011-01-15,-2.37
2011-01-16,0.78
2011-01-17,-3.95
2011-01-18,0.64
2011-01-19,3.15
2011-01-20,1.39
2011-01-21,-1.09
2011-01-22,-6.89
2011-01-23,-6.69
2011-01-24,-10.41
2011-01-25,-1.96
2011-01-26,-0.6
2011-01-27,0.35
2011-01-28,-1.31
2011-01-29,-0.56
2011-01-30,-0.01
2011-01-31,-2.67
2011-02-01,-1.86
2011-02-02,0.35
2011-02-03,-0.52
2011-02-04,-2.7
2011-02-05,1.11
2011-02-06,4.3
2011-02-07,2.07
2011-02-08,2.53
2011-02-09,-5.46
2011-02-10,-2.28
2011-02-11,-2.8
2011-02-12,0.38
2011-02-13,1.17
2011-02-14,7.19
2011-02-15,1.83
2011-02-16,0.13
2011-02-17,6.97
2011-02-18,9.56
2011-02-19,7.88
2011-02-20,-1.69
2011-02-21,0.32
2011-02-22,-3.89
2011-02-23,-0.78
2011-02-24,0.68
2011-02-25,6.5
2011-02-26,2.36
2011-02-27,5.93
2011-02-28,7.3
2011-03-01,5.02
2011-03-02,5.11
2011-03-03,-2.61
2011-03-04,-0.19
2011-03-05,6.87
2011-03-06,8.55
2011-03-07,7.08
2011-03-08,2.84
2011-03-09,2.48
2011-03-10,6.0
2011-03-11,9.22
2011-03-12,7.39
2011-03-13,8.11
2011-03-14,5.66
2011-03-15,3.94
2011-03-16,6.72
2011-03-17,11.25
2011-03-18,13.96
2011-03-19,12.08
2011-03-20,4.7
2011-03-21,5.32
2011-03-22,8.28
2011-03-23,2.45
2011-03-24,1.93
2011-03-25,2.6
2011-03-26,0.9
2011-03-27,2.05
2011-03-28,2.4
2011-03-29,4.67
2011-03-30,5.59
2011-03-31,4.96
2011-04-01,3.65
2011-04-02,7.94
2011-04-03,10.36
2011-04-04,9.56
2011-04-05,9.58
2011-04-06,7.69
2011-04-07,7.05
2011-04-08,6.23
2011-04-09,6.95
2011-04-10,8.0
2011-04-11,10.32
2011-04-12,13.72
2011-04-13,9.71
2011-04-14,12.76
2011-04-15,9.98
2011-04-16,6.99
2011-04-17,12.5
2011-04-18,11.44
2011-04-19,10.6
2011-04-20,9.99
2011-04-21,12.87
2011-04-22,7.28
2011-04-23,8.91
2011-04-24,15.03
2011-04-25,15.9
2011-04-26,15.02
2011-04-27,14.77
2011-04-28,14.7
2011-04-29,16.72
2011-04-30,14.2
2011-05-01,13.04
2011-05-02,11.77
2011-05-03,14.64
2011-05-04,12.8
2011-05-05,13.01
2011-05-06,13.78
2011-05-07,15.51
2011-05-08,16.9
2011-05-09,16.56
2011-05-10,16.48
2011-05-11,14.87
2011-05-12,15.16
2011-05-13,13.71
2011-05-14,14.84
2011-05-15,16.52
2011-05-16,15.93
2011-05-17,14.38
2011-05-18,17.49
2011-05-19,17.91
2011-05-20,15.79
2011-05-21,16.01
2011-05-22,13.24
2011-05-23,14.67
2011-05-24,19.82
2011-05-25,21.69
2011-05-26,19.02
2011-05-27,21.12
2011-05-28,20.6
2011-05-29,20.67
2011-05-30,22.8
2011-05-31,24.47
2011-06-01,21.14
2011-06-02,24.66
2011-06-03,19.89
2011-06-04,20.22
2011-06-05,16.9
2011-06-06,20.26
2011-06-07,23.5
2011-06-08,25.29
2011-06-09,25.95
2011-06-10,23.78
2011-06-11,19.69
2011-06-12,17.41
2011-06-13,19.1
2011-06-14,18.25
2011-06-15,20.3
2011-06-16,22.29
2011-06-17,21.37
2011-06-18,22.27
2011-06-19,23.58
2011-06-20,21.52
2011-06-21,22.68
2011-06-22,22.7
2011-06-23,21.76
2011-06-24,19.62
2011-06-25,21.15
2011-06-26,24.24
2011-06-27,23.7
2011-06-28,24.08
2011-06-29,25.13
2011-06-30,24.09
2011-07-01,24.32
2011-07-02,24.48
2011-07-03,22.7
2011-07-04,24.1
2011-07-05,27.4
2011-07-06,25.77
2011-07-07,26.61
2011-07-08,24.89
2011-07-09,25.14
2011-07-10,25.41
2011-07-11,26.03
2011-07-12,29.41
2011-07-13,29.13
2011-07-14,23.15
2011-07-15,23.74
2011-07-16,25.33
2011-07-17,25.62
2011-07-18,26.73
2011-07-19,27.69
2011-07-20,25.67
2011-07-21,25.17
2011-07-22,31.08
2011-07-23,32.19
2011-07-24,29.93
2011-07-25,23.86
2011-07-26,24.42
2011-07-27,25.51
2011-07-28,25.73
2011-07-29,24.7
2011-07-30,27.99
2011-07-31,27.16
2011-08-01,26.8
2011-08-02,27.86
2011-08-03,25.53
2011-08-04,22.9
2011-08-05,24.09
2011-08-06,24.52
2011-08-07,26.13
2011-08-08,27.54
2011-08-09,25.23
2011-08-10,25.85
2011-08-11,25.3
2011-08-12,24.07
2011-08-13,24.38
2011-08-14,21.66
2011-08-15,23.24
2011-08-16,21.54
2011-08-17,24.1
2011-08-18,23.59
2011-08-19,23.41
2011-08-20,22.15
2011-08-21,24.28
2011-08-22,22.95
2011-08-23,21.96
2011-08-24,22.1
2011-08-25,23.74
2011-08-26,24.11
2011-08-27,24.35
2011-08-28,23.16
2011-08-29,20.48
2011-08-30,21.46
2011-08-31,22.51
2011-09-01,22.63
2011-09-02,20.43
2011-09-03,21.77
2011-09-04,23.19
2011-09-05,23.24
2011-09-06,18.75
2011-09-07,19.11
2011-09-08,21.01
2011-09-09,23.04
2011-09-10,23.18
2011-09-11,19.54
2011-09-12,21.26
2011-09-13,22.55
2011-09-14,23.43
2011-09-15,21.28
2011-09-16,14.46
2011-09-17,15.27
2011-09-18,15.5
2011-09-19,15.42
2011-09-20,17.88
2011-09-21,19.69
2011-09-22,21.32
2011-09-23,21.12
2011-09-24,21.98
2011-09-25,22.61
2011-09-26,21.85
2011-09-27,21.57
2011-09-28,21.47
2011-09-29,21.39
2011-09-30,19.98
2011-10-01,17.31
2011-10-02,14.23
2011-10-03,11.83
2011-10-04,13.6
2011-10-05,17.9
2011-10-06,14.85
2011-10-07,14.37
2011-10-08,16.73
2011-10-09,20.78
2011-10-10,21.77
2011-10-11,20.22
2011-10-12,16.45
2011-10-13,17.47
2011-10-14,19.38
2011-10-15,16.5
2011-10-16,16.61
2011-10-17,17.05
2011-10-18,16.02
2011-10-19,17.0
2011-10-20,18.6
2011-10-21,13.05
2011-10-22,12.42
2011-10-23,12.41
2011-10-24,12.7
2011-10-25,14.43
2011-10-26,12.58
2011-10-27,11.62
2011-10-28,5.68
2011-10-29,3.66
2011-10-30,3.58
2011-10-31,6.78
2011-11-01,9.75
2011-11-02,8.39
2011-11-03,10.12
2011-11-04,10.04
2011-11-05,6.32
2011-11-06,6.66
2011-11-07,9.46
2011-11-08,13.12
2011-11-09,11.38
2011-11-10,13.77
2011-11-11,9.0
2011-11-12,8.28
2011-11-13,10.67
2011-11-14,13.82
2011-11-15,15.41
2011-11-16,13.56
2011-11-17,9.34
2011-11-18,5.3
2011-11-19,6.88
2011-11-20,12.28
2011-11-21,12.19
2011-11-22,9.58
2011-11-23,9.99
2011-11-24,6.52
2011-11-25,10.24
2011-11-26,11.06
2011-11-27,9.69
2011-11-28,14.05
2011-11-29,15.24
2011-11-30,10.14
2011-12-01,6.84
2011-12-02,6.67
2011-12-03,5.51
2011-12-04,6.58
2011-12-05,10.1
2011-12-06,12.42
2011-12-07,12.49
2011-12-08,6.64
2011-12-09,5.93
2011-12-10,7.33
2011-12-11,0.97
2011-12-12,2.69
2011-12-13,3.69
2011-12-14,5.54
2011-12-15,9.85
2011-12-16,9.93
2011-12-17,4.68
2011-12-18,-1.78
2011-12-19,1.21
2011-12-20,7.65
2011-12-21,9.22
2011-12-22,12.48
2011-12-23,8.62
2011-12-24,1.48
2011-12-25,2.37
2011-12-26,6.43
2011-12-27,6.59
2011-12-28,8.19
2011-12-29,-0.67
2011-12-30,5.0
2011-12-31,9.94
2012-01-01,7.96
2012-01-02,6.12
2012-01-03,-1.16
2012-01-04,-7.04
2012-01-05,0.17
2012-01-06,5.2
2012-01-07,8.43
2012-01-08,7.58
2012-01-09,1.43
2012-01-10,4.14
2012-01-11,4.7
2012-01-12,7.58
2012-01-13,5.07
2012-01-14,-0.89
2012-01-15,-4.58
2012-01-16,-4.92
2012-01-17,4.55
2012-01-18,6.02
2012-01-19,-2.8
2012-01-20,0.32
2012-01-21,-2.75
2012-01-22,-3.79
2012-01-23,4.83
2012-01-24,9.11
2012-01-25,6.04
2012-01-26,2.82
2012-01-27,9.15
2012-01-28,6.43
2012-01-29,4.45
2012-01-30,3.29
2012-01-31,6.54
2012-02-01,10.36
2012-02-02,7.5
2012-02-03,3.05
2012-02-04,4.95
2012-02-05,2.44
2012-02-06,4.05
2012-02-07,6.23
2012-02-08,2.24
2012-02-09,2.25
2012-02-10,3.55
2012-02-11,2.22
2012-02-12,-1.43
2012-02-13,0.68
2012-02-14,4.32
2012-02-15,5.81
2012-02-16,4.25
2012-02-17,7.49
2012-02-18,5.13
2012-02-19,4.28
2012-02-20,3.35
2012-02-21,2.89
2012-02-22,7.54
2012-02-23,10.35
2012-02-24,5.88
2012-02-25,5.91
2012-02-26,2.73
2012-02-27,5.03
2012-02-28,7.76
2012-02-29,4.9
2012-03-01,5.14
2012-03-02,2.61
2012-03-03,8.63
2012-03-04,6.7
2012-03-05,3.54
2012-03-06,0.5
2012-03-07,6.42
2012-03-08,10.68
2012-03-09,8.64
2012-03-10,2.85
2012-03-11,6.15
2012-03-12,9.39
2012-03-13,11.44
2012-03-14,15.98
2012-03-15,8.21
2012-03-16,7.2
2012-03-17,8.33
2012-03-18,8.96
2012-03-19,11.69
2012-03-20,13.7
2012-03-21,14.0
2012-03-22,13.99
2012-03-23,16.74
2012-03-24,13.21
2012-03-25,9.01
2012-03-26,9.75
2012-03-27,4.34
2012-03-28,10.09
2012-03-29,13.69
2012-03-30,8.06
2012-03-31,5.45
2012-04-01,7.35
2012-04-02,8.93
2012-04-03,10.77
2012-04-04,16.12
2012-04-05,10.24
2012-04-06,8.93
2012-04-07,10.67
2012-04-08,13.28
2012-04-09,14.52
2012-04-10,12.7
2012-04-11,9.49
2012-04-12,11.08
2012-04-13,11.68
2012-04-14,13.0
2012-04-15,16.87
2012-04-16,17.22
2012-04-17,20.83
2012-04-18,14.76
2012-04-19,12.24
2012-04-20,13.69
2012-04-21,14.32
2012-04-22,11.4
2012-04-23,10.97
2012-04-24,9.31
2012-04-25,11.41
2012-04-26,10.74
2012-04-27,11.25
2012-04-28,8.64
2012-04-29,12.37
2012-04-30,11.01
2012-05-01,14.06
2012-05-02,11.78
2012-05-03,11.74
2012-05-04,13.9
2012-05-05,13.81
2012-05-06,13.62
2012-05-07,12.58
2012-05-08,14.38
2012-05-09,15.22
2012-05-10,15.92
2012-05-11,15.5
2012-05-12,17.78
2012-05-13,18.51
2012-05-14,17.86
2012-05-15,16.62
2012-05-16,17.41
2012-05-17,17.99
2012-05-18,16.06
2012-05-19,17.12
2012-05-20,19.13
2012-05-21,16.99
2012-05-22,17.72
2012-05-23,19.36
2012-05-24,18.03
2012-05-25,18.77
2012-05-26,20.3
2012-05-27,22.17
2012-05-28,23.62
2012-05-29,24.45
2012-05-30,22.71
2012-05-31,21.86
2012-06-01,19.38
2012-06-02,19.84
2012-06-03,19.88
2012-06-04,16.35
2012-06-05,14.62
2012-06-06,16.51
2012-06-07,19.2
2012-06-08,20.55
2012-06-09,22.42
2012-06-10,22.55
2012-06-11,20.61
2012-06-12,19.49
2012-06-13,19.37
2012-06-14,19.69
2012-06-15,20.29
2012-06-16,19.68
2012-06-17,18.02
2012-06-18,16.42
2012-06-19,19.08
2012-06-20,25.72
2012-06-21,31.13
2012-06-22,27.3
2012-06-23,24.64
2012-06-24,23.99
2012-06-25,21.06
2012-06-26,18.91
2012-06-27,23.14
2012-06-28,25.18
2012-06-29,26.27
2012-06-30,29.13
2012-07-01,27.78
2012-07-02,27.94
2012-07-03,26.71
2012-07-04,25.56
2012-07-05,30.07
2012-07-06,26.59
2012-07-07,28.77
2012-07-08,27.15
2012-07-09,25.38
2012-07-10,24.51
2012-07-11,24.6
2012-07-12,24.34
2012-07-13,25.1
2012-07-14,26.34
2012-07-15,26.06
2012-07-16,26.06
2012-07-17,28.52
2012-07-18,28.38
2012-07-19,23.87
2012-07-20,19.79
2012-07-21,20.2
2012-07-22,22.39
2012-07-23,24.3
2012-07-24,28.01
2012-07-25,25.62
2012-07-26,24.9
2012-07-27,26.1
2012-07-28,24.87
2012-07-29,22.34
2012-07-30,22.66
2012-07-31,23.09
2012-08-01,24.08
2012-08-02,25.41
2012-08-03,26.35
2012-08-04,26.4
2012-08-05,27.24
2012-08-06,26.23
2012-08-07,24.22
2012-08-08,25.27
2012-08-09,25.79
2012-08-10,25.06
2012-08-11,25.98
2012-08-12,25.85
2012-08-13,25.9
2012-08-14,24.84
2012-08-15,24.56
2012-08-16,24.28
2012-08-17,25.35
2012-08-18,22.49
2012-08-19,21.33
2012-08-20,22.12
2012-08-21,23.18
2012-08-22,23.72
2012-08-23,23.67
2012-08-24,24.44
2012-08-25,24.55
2012-08-26,23.0
2012-08-27,23.59
2012-08-28,26.02
2012-08-29,23.65
2012-08-30,23.17
2012-08-31,25.63
2012-09-01,27.03
2012-09-02,24.02
2012-09-03,23.02
2012-09-04,23.23
2012-09-05,25.59
2012-09-06,23.42
2012-09-07,24.49
2012-09-08,25.06
2012-09-09,20.99
2012-09-10,19.83
2012-09-11,17.82
2012-09-12,20.06
2012-09-13,20.72
2012-09-14,21.14
2012-09-15,20.66
2012-09-16,19.04
2012-09-17,19.54
2012-09-18,22.86
2012-09-19,19.64
2012-09-20,16.72
2012-09-21,17.73
2012-09-22,19.27
2012-09-23,18.6
2012-09-24,15.79
2012-09-25,17.39
2012-09-26,20.31
2012-09-27,20.66
2012-09-28,20.42
2012-09-29,16.88
2012-09-30,16.86
2012-10-01,16.81
2012-10-02,18.75
2012-10-03,20.08
2012-10-04,20.83
2012-10-05,20.73
2012-10-06,20.1
2012-10-07,12.2
2012-10-08,10.59
2012-10-09,13.13
2012-10-10,15.36
2012-10-11,12.93
2012-10-12,11.94
2012-10-13,7.86
2012-10-14,15.5
2012-10-15,18.31
2012-10-16,14.31
2012-10-17,10.91
2012-10-18,13.09
2012-10-19,18.1
2012-10-20,17.13
2012-10-21,14.7
2012-10-22,15.65
2012-10-23,14.98
2012-10-24,14.97
2012-10-25,14.67
2012-10-26,16.23
2012-10-27,16.84
2012-10-28,14.51
2012-10-29,14.26
2012-10-30,13.9
2012-10-31,9.24
2012-11-01,9.01
2012-11-02,9.67
2012-11-03,7.63
2012-11-04,7.06
2012-11-05,6.03
2012-11-06,3.28
2012-11-07,2.96
2012-11-08,2.55
2012-11-09,5.98
2012-11-10,8.55
2012-11-11,10.9
2012-11-12,12.89
2012-11-13,11.48
2012-11-14,5.79
2012-11-15,4.54
2012-11-16,5.23
2012-11-17,6.41
2012-11-18,6.33
2012-11-19,6.06
2012-11-20,6.74
2012-11-21,7.82
2012-11-22,7.5
2012-11-23,6.54
2012-11-24,7.04
2012-11-25,3.21
2012-11-26,4.87
2012-11-27,3.64
2012-11-28,3.23
2012-11-29,3.51
2012-11-30,4.73
2012-12-01,4.99
2012-12-02,6.65
2012-12-03,11.33
2012-12-04,10.72
2012-12-05,10.96
2012-12-06,2.1
2012-12-07,3.86
2012-12-08,8.6
2012-12-09,7.48
2012-12-10,10.31
2012-12-11,9.79
2012-12-12,4.95
2012-12-13,4.51
2012-12-14,4.56
2012-12-15,5.46
2012-12-16,7.39
2012-12-17,6.54
2012-12-18,8.98
2012-12-19,7.24
2012-12-20,4.33
2012-12-21,9.42
2012-12-22,3.36
2012-12-23,3.69
2012-12-24,3.04
2012-12-25,3.14
2012-12-26,0.65
2012-12-27,4.31
2012-12-28,0.98
2012-12-29,0.76
2012-12-30,0.48
2012-12-31,0.32
2013-01-01,3.86
2013-01-02,-1.87
2013-01-03,-1.24
2013-01-04,1.0
2013-01-05,2.71
2013-01-06,2.83
2013-01-07,5.53
2013-01-08,3.68
2013-01-09,4.85
2013-01-10,7.3
2013-01-11,4.81
2013-01-12,7.61
2013-01-13,6.59
2013-01-14,10.0
2013-01-15,4.39
2013-01-16,1.92
2013-01-17,4.45
2013-01-18,-0.18
2013-01-19,3.27
2013-01-20,7.54
2013-01-21,-0.47
2013-01-22,-4.07
2013-01-23,-9.06
2013-01-24,-7.9
2013-01-25,-7.59
2013-01-26,-6.19
2013-01-27,-3.71
2013-01-28,-0.45
2013-01-29,3.77
2013-01-30,7.36
2013-01-31,9.25
2013-02-01,-0.93
2013-02-02,-3.87
2013-02-03,-3.01
2013-02-04,-2.19
2013-02-05,-1.41
2013-02-06,0.68
2013-02-07,-1.37
2013-02-08,1.01
2013-02-09,-1.85
2013-02-10,-4.26
2013-02-11,4.19
2013-02-12,5.84
2013-02-13,2.61
2013-02-14,2.96
2013-02-15,4.02
2013-02-16,3.45
2013-02-17,-1.06
2013-02-18,-4.25
2013-02-19,3.21
2013-02-20,2.0
2013-02-21,-1.47
2013-02-22,-0.67
2013-02-23,4.28
2013-02-24,4.42
2013-02-25,3.49
2013-02-26,3.58
2013-02-27,7.07
2013-02-28,6.78
2013-03-01,5.14
2013-03-02,3.29
2013-03-03,0.93
2013-03-04,1.23
2013-03-05,3.3
2013-03-06,4.16
2013-03-07,2.46
2013-03-08,0.77
2013-03-09,5.9
2013-03-10,3.45
2013-03-11,6.51
2013-03-12,9.12
2013-03-13,7.38
2013-03-14,2.81
2013-03-15,2.56
2013-03-16,2.95
2013-03-17,1.14
2013-03-18,0.18
2013-03-19,2.95
2013-03-20,4.11
2013-03-21,1.63
2013-03-22,1.58
2013-03-23,4.1
2013-03-24,4.02
2013-03-25,3.07
2013-03-26,5.34
2013-03-27,7.03
2013-03-28,6.88
2013-03-29,8.79
2013-03-30,8.51
2013-03-31,6.9
2013-04-01,9.07
2013-04-02,4.17
2013-04-03,4.37
2013-04-04,3.85
2013-04-05,8.96
2013-04-06,6.09
2013-04-07,6.49
2013-04-08,11.61
2013-04-09,16.84
2013-04-10,15.26
2013-04-11,12.43
2013-04-12,6.81
2013-04-13,7.22
2013-04-14,10.57
2013-04-15,9.04
2013-04-16,10.29
2013-04-17,14.26
2013-04-18,10.76
2013-04-19,13.26
2013-04-20,12.9
2013-04-21,7.8
2013-04-22,7.5
2013-04-23,7.4
2013-04-24,9.89
2013-04-25,12.04
2013-04-26,12.22
2013-04-27,12.52
2013-04-28,11.82
2013-04-29,11.78
2013-04-30,13.28
2013-05-01,11.97
2013-05-02,12.12
2013-05-03,12.1
2013-05-04,11.58
2013-05-05,10.03
2013-05-06,11.05
2013-05-07,14.22
2013-05-08,15.86
2013-05-09,15.07
2013-05-10,17.32
2013-05-11,15.93
2013-05-12,17.02
2013-05-13,11.61
2013-05-14,10.75
2013-05-15,13.11
2013-05-16,17.6
2013-05-17,18.09
2013-05-18,15.05
2013-05-19,13.72
2013-05-20,16.39
2013-05-21,18.9
2013-05-22,18.33
2013-05-23,18.04
2013-05-24,15.47
2013-05-25,9.56
2013-05-26,13.78
2013-05-27,15.38
2013-05-28,14.67
2013-05-29,16.95
2013-05-30,22.43
2013-05-31,22.85
2013-06-01,21.51
2013-06-02,19.87
2013-06-03,19.28
2013-06-04,19.59
2013-06-05,18.51
2013-06-06,16.79
2013-06-07,16.45
2013-06-08,17.83
2013-06-09,21.19
2013-06-10,18.75
2013-06-11,21.09
2013-06-12,22.33
2013-06-13,18.44
2013-06-14,15.7
2013-06-15,21.27
2013-06-16,20.98
2013-06-17,23.03
2013-06-18,21.22
2013-06-19,19.67
2013-06-20,19.33
2013-06-21,20.02
2013-06-22,20.14
2013-06-23,21.98
2013-06-24,24.72
2013-06-25,26.51
2013-06-26,26.34
2013-06-27,24.68
2013-06-28,24.02
2013-06-29,23.5
2013-06-30,23.0
2013-07-01,22.81
2013-07-02,22.89
2013-07-03,23.53
2013-07-04,25.09
2013-07-05,25.98
2013-07-06,27.58
2013-07-07,28.13
2013-07-08,27.3
2013-07-09,25.87
2013-07-10,25.35
2013-07-11,25.65
2013-07-12,24.22
2013-07-13,24.0
2013-07-14,26.17
2013-07-15,29.41
2013-07-16,30.52
2013-07-17,30.68
2013-07-18,30.2
2013-07-19,30.14
2013-07-20,30.18
2013-07-21,27.4
2013-07-22,25.77
2013-07-23,25.67
2013-07-24,27.31
2013-07-25,20.0
2013-07-26,21.07
2013-07-27,23.22
2013-07-28,22.58
2013-07-29,24.45
2013-07-30,24.83
2013-07-31,24.07
2013-08-01,22.15
2013-08-02,23.64
2013-08-03,23.58
2013-08-04,23.87
2013-08-05,22.18
2013-08-06,22.46
2013-08-07,23.2
2013-08-08,23.32
2013-08-09,24.34
2013-08-10,25.67
2013-08-11,23.2
2013-08-12,22.93
2013-08-13,22.42
2013-08-14,21.27
2013-08-15,20.63
2013-08-16,21.52
2013-08-17,22.2
2013-08-18,21.72
2013-08-19,21.84
2013-08-20,24.03
2013-08-21,25.07
2013-08-22,23.6
2013-08-23,24.52
2013-08-24,22.01
2013-08-25,22.14
2013-08-26,23.12
2013-08-27,25.28
2013-08-28,24.8
2013-08-29,23.69
2013-08-30,23.05
2013-08-31,24.41
2013-09-01,24.62
2013-09-02,24.49
2013-09-03,24.45
2013-09-04,23.38
2013-09-05,23.45
2013-09-06,18.44
2013-09-07,19.35
2013-09-08,23.22
2013-09-09,18.53
2013-09-10,22.83
2013-09-11,25.32
2013-09-12,23.85
2013-09-13,22.47
2013-09-14,16.73
2013-09-15,16.15
2013-09-16,18.68
2013-09-17,14.91
2013-09-18,15.29
2013-09-19,17.68
2013-09-20,18.77
2013-09-21,19.36
2013-09-22,19.52
2013-09-23,14.95
2013-09-24,15.29
2013-09-25,17.33
2013-09-26,16.89
2013-09-27,15.97
2013-09-28,17.92
2013-09-29,16.69
2013-09-30,16.17
2013-10-01,19.57
2013-10-02,21.88
2013-10-03,21.76
2013-10-04,21.06
2013-10-05,20.22
2013-10-06,19.05
2013-10-07,20.86
2013-10-08,16.59
2013-10-09,15.03
2013-10-10,15.19
2013-10-11,17.57
2013-10-12,18.8
2013-10-13,16.38
2013-10-14,13.59
2013-10-15,14.64
2013-10-16,15.39
2013-10-17,17.85
2013-10-18,17.69
2013-10-19,14.56
2013-10-20,14.9
2013-10-21,14.16
2013-10-22,15.79
2013-10-23,10.9
2013-10-24,8.94
2013-10-25,8.0
2013-10-26,8.35
2013-10-27,11.25
2013-10-28,10.17
2013-10-29,10.66
2013-10-30,10.95
2013-10-31,15.04
2013-11-01,17.51
2013-11-02,15.52
2013-11-03,10.71
2013-11-04,4.67
2013-11-05,7.52
2013-11-06,11.37
2013-11-07,14.64
2013-11-08,7.91
2013-11-09,6.96
2013-11-10,10.37
2013-11-11,9.62
2013-11-12,5.23
2013-11-13,1.12
2013-11-14,5.07
2013-11-15,7.26
2013-11-16,9.69
2013-11-17,12.55
2013-11-18,14.88
2013-11-19,9.3
2013-11-20,3.39
2013-11-21,5.04
2013-11-22,11.16
2013-11-23,8.78
2013-11-24,-1.42
2013-11-25,-1.98
2013-11-26,2.65
2013-11-27,10.28
2013-11-28,1.59
2013-11-29,1.57
2013-11-30,-0.12
2013-12-01,5.36
2013-12-02,6.88
2013-12-03,6.46
2013-12-04,6.56
2013-12-05,11.03
2013-12-06,10.16
2013-12-07,3.63
2013-12-08,-0.1
2013-12-09,2.27
2013-12-10,1.99
2013-12-11,-0.93
2013-12-12,-2.58
2013-12-13,-1.94
2013-12-14,-2.36
2013-12-15,3.26
2013-12-16,-0.22
2013-12-17,-1.85
2013-12-18,-1.52
2013-12-19,2.28
2013-12-20,6.16
2013-12-21,8.63
2013-12-22,12.1
2013-12-23,12.44
2013-12-24,5.02
2013-12-25,-3.15
2013-12-26,0.29
2013-12-27,2.19
2013-12-28,4.91
2013-12-29,6.66
2013-12-30,4.94
2013-12-31,-2.79
2014-01-01,-1.5
2014-01-02,-1.32
2014-01-03,-8.81
2014-01-04,-9.23
2014-01-05,-0.23
2014-01-06,8.25
2014-01-07,-9.7
2014-01-08,-9.82
2014-01-09,-3.12
2014-01-10,0.24
2014-01-11,8.33
2014-01-12,8.55
2014-01-13,4.45
2014-01-14,7.75
2014-01-15,3.77
2014-01-16,4.59
2014-01-17,2.76
2014-01-18,3.6
2014-01-19,-0.82
2014-01-20,4.22
2014-01-21,-3.97
2014-01-22,-10.67
2014-01-23,-10.15
2014-01-24,-8.97
2014-01-25,-4.13
2014-01-26,-5.3
2014-01-27,1.98
2014-01-28,-6.85
2014-01-29,-7.34
2014-01-30,-5.95
2014-01-31,-0.61
2014-02-01,2.43
2014-02-02,3.43
2014-02-03,2.39
2014-02-04,-1.68
2014-02-05,0.27
2014-02-06,-1.64
2014-02-07,-2.17
2014-02-08,-3.0
2014-02-09,-3.43
2014-02-10,-3.23
2014-02-11,-5.66
2014-02-12,-7.17
2014-02-13,-0.53
2014-02-14,2.03
2014-02-15,0.99
2014-02-16,-2.09
2014-02-17,-4.23
2014-02-18,0.43
2014-02-19,2.52
2014-02-20,4.03
2014-02-21,4.61
2014-02-22,5.61
2014-02-23,6.8
2014-02-24,4.53
2014-02-25,-1.33
2014-02-26,-2.09
2014-02-27,-3.42
2014-02-28,-7.68
2014-03-01,-3.43
2014-03-02,2.36
2014-03-03,-3.33
2014-03-04,-6.68
2014-03-05,-0.4
2014-03-06,-3.62
2014-03-07,-0.9
2014-03-08,5.79
2014-03-09,6.54
2014-03-10,5.19
2014-03-11,9.66
2014-03-12,8.41
2014-03-13,-0.27
2014-03-14,-1.05
2014-03-15,8.8
2014-03-16,3.95
2014-03-17,-1.25
2014-03-18,0.72
2014-03-19,2.59
2014-03-20,8.1
2014-03-21,7.32
2014-03-22,8.92
2014-03-23,6.3
2014-03-24,-1.59
2014-03-25,-0.26
2014-03-26,1.42
2014-03-27,-1.12
2014-03-28,6.11
2014-03-29,8.4
2014-03-30,9.29
2014-03-31,5.4
2014-04-01,7.52
2014-04-02,6.3
2014-04-03,9.28
2014-04-04,6.33
2014-04-05,8.09
2014-04-06,7.18
2014-04-07,6.93
2014-04-08,11.3
2014-04-09,12.11
2014-04-10,8.83
2014-04-11,12.63
2014-04-12,14.76
2014-04-13,12.63
2014-04-14,13.44
2014-04-15,12.01
2014-04-16,4.34
2014-04-17,5.25
2014-04-18,4.47
2014-04-19,10.53
2014-04-20,10.39
2014-04-21,8.93
2014-04-22,11.03
2014-04-23,13.15
2014-04-24,10.95
2014-04-25,11.26
2014-04-26,10.51
2014-04-27,11.26
2014-04-28,12.25
2014-04-29,9.1
2014-04-30,7.27
2014-05-01,13.39
2014-05-02,16.29
2014-05-03,14.98
2014-05-04,14.28
2014-05-05,15.4
2014-05-06,15.7
2014-05-07,14.33
2014-05-08,12.5
2014-05-09,14.59
2014-05-10,16.56
2014-05-11,20.33
2014-05-12,19.06
2014-05-13,17.5
2014-05-14,13.38
2014-05-15,17.43
2014-05-16,17.68
2014-05-17,16.64
2014-05-18,16.18
2014-05-19,16.59
2014-05-20,19.02
2014-05-21,20.6
2014-05-22,15.54
2014-05-23,16.24
2014-05-24,16.0
2014-05-25,17.74
2014-05-26,21.9
2014-05-27,23.99
2014-05-28,16.66
2014-05-29,13.39
2014-05-30,16.19
2014-05-31,17.39
2014-06-01,17.84
2014-06-02,18.81
2014-06-03,20.94
2014-06-04,20.19
2014-06-05,19.38
2014-06-06,20.93
2014-06-07,21.97
2014-06-08,22.56
2014-06-09,19.24
2014-06-10,21.21
2014-06-11,19.62
2014-06-12,19.19
2014-06-13,21.15
2014-06-14,21.51
2014-06-15,20.8
2014-06-16,22.16
2014-06-17,22.92
2014-06-18,27.84
2014-06-19,23.66
2014-06-20,23.23
2014-06-21,21.3
2014-06-22,20.44
2014-06-23,21.72
2014-06-24,21.89
2014-06-25,22.74
2014-06-26,24.77
2014-06-27,22.84
2014-06-28,23.53
2014-06-29,22.53
2014-06-30,22.95
2014-07-01,24.57
2014-07-02,25.39
2014-07-03,24.78
2014-07-04,22.15
2014-07-05,23.14
2014-07-06,23.96
2014-07-07,24.28
2014-07-08,25.96
2014-07-09,24.75
2014-07-10,24.07
2014-07-11,24.45
2014-07-12,22.06
2014-07-13,22.82
2014-07-14,24.24
2014-07-15,23.41
2014-07-16,23.15
2014-07-17,23.82
2014-07-18,23.68
2014-07-19,22.93
2014-07-20,22.2
2014-07-21,23.01
2014-07-22,24.15
2014-07-23,24.95
2014-07-24,25.33
2014-07-25,24.1
2014-07-26,23.32
2014-07-27,24.38
2014-07-28,25.02
2014-07-29,22.26
2014-07-30,22.34
2014-07-31,23.18
2014-08-01,23.96
2014-08-02,21.37
2014-08-03,20.95
2014-08-04,23.4
2014-08-05,25.18
2014-08-06,25.11
2014-08-07,24.87
2014-08-08,23.45
2014-08-09,24.61
2014-08-10,25.49
2014-08-11,24.56
2014-08-12,24.12
2014-08-13,23.35
2014-08-14,22.63
2014-08-15,21.02
2014-08-16,21.62
2014-08-17,23.75
2014-08-18,23.07
2014-08-19,22.16
2014-08-20,22.98
2014-08-21,23.42
2014-08-22,21.97
2014-08-23,21.05
2014-08-24,21.25
2014-08-25,23.69
2014-08-26,24.18
2014-08-27,24.27
2014-08-28,24.93
2014-08-29,21.56
2014-08-30,21.79
2014-08-31,24.95
2014-09-01,25.63
2014-09-02,27.23
2014-09-03,26.81
2014-09-04,24.93
2014-09-05,24.91
2014-09-06,25.83
2014-09-07,23.17
2014-09-08,21.42
2014-09-09,21.06
2014-09-10,20.5
2014-09-11,23.09
2014-09-12,21.9
2014-09-13,18.49
2014-09-14,16.86
2014-09-15,17.45
2014-09-16,17.54
2014-09-17,18.05
2014-09-18,19.4
2014-09-19,16.89
2014-09-20,18.43
2014-09-21,21.7
2014-09-22,20.54
2014-09-23,15.52
2014-09-24,17.76
2014-09-25,17.12
2014-09-26,19.23
2014-09-27,21.22
2014-09-28,20.83
2014-09-29,20.76
2014-09-30,19.63
2014-10-01,17.6
2014-10-02,17.46
2014-10-03,16.62
2014-10-04,18.9
2014-10-05,12.69
2014-10-06,14.68
2014-10-07,19.85
2014-10-08,20.33
2014-10-09,17.42
2014-10-10,15.37
2014-10-11,13.27
2014-10-12,12.44
2014-10-13,14.18
2014-10-14,19.86
2014-10-15,21.67
2014-10-16,20.49
2014-10-17,18.11
2014-10-18,18.25
2014-10-19,13.0
2014-10-20,10.13
2014-10-21,15.13
2014-10-22,13.49
2014-10-23,11.41
2014-10-24,12.91
2014-10-25,14.17
2014-10-26,15.44
2014-10-27,13.96
2014-10-28,15.0
2014-10-29,17.19
2014-10-30,12.17
2014-10-31,10.29
2014-11-01,8.81
2014-11-02,7.09
2014-11-03,8.89
2014-11-04,14.13
2014-11-05,14.73
2014-11-06,11.06
2014-11-07,10.16
2014-11-08,6.05
2014-11-09,9.81
2014-11-10,9.58
2014-11-11,12.3
2014-11-12,15.36
2014-11-13,7.64
2014-11-14,4.43
2014-11-15,3.4
2014-11-16,3.64
2014-11-17,7.9
2014-11-18,3.31
2014-11-19,-2.44
2014-11-20,4.26
2014-11-21,0.85
2014-11-22,1.34
2014-11-23,8.05
2014-11-24,14.42
2014-11-25,13.51
2014-11-26,5.44
2014-11-27,2.97
2014-11-28,1.65
2014-11-29,-0.18
2014-11-30,8.93
2014-12-01,11.94
2014-12-02,4.82
2014-12-03,7.53
2014-12-04,5.67
2014-12-05,4.89
2014-12-06,9.0
2014-12-07,4.7
2014-12-08,-0.73
2014-12-09,5.0
2014-12-10,4.06
2014-12-11,1.64
2014-12-12,2.1
2014-12-13,3.45
2014-12-14,5.07
2014-12-15,4.87
2014-12-16,5.36
2014-12-17,9.11
2014-12-18,5.63
2014-12-19,3.42
2014-12-20,0.46
2014-12-21,1.64
2014-12-22,4.87
2014-12-23,8.71
2014-12-24,9.91
2014-12-25,11.27
2014-12-26,7.18
2014-12-27,6.89
2014-12-28,8.34
2014-12-29,6.01
2014-12-30,0.78
2014-12-31,-0.93
2015-01-01,0.42
2015-01-02,4.05
2015-01-03,2.78
2015-01-04,8.69
2015-01-05,6.53
2015-01-06,-5.81
2015-01-07,-5.63
2015-01-08,-10.0
2015-01-09,-3.08
2015-01-10,-5.46
2015-01-11,-3.36
2015-01-12,2.4
2015-01-13,-0.17
2015-01-14,-3.91
2015-01-15,-0.64
2015-01-16,1.34
2015-01-17,-4.83
2015-01-18,3.75
2015-01-19,4.35
2015-01-20,3.85
2015-01-21,0.15
2015-01-22,1.84
2015-01-23,0.67
2015-01-24,1.92
2015-01-25,3.69
2015-01-26,-2.43
2015-01-27,-4.16
2015-01-28,-4.67
2015-01-29,-3.49
2015-01-30,1.68
2015-01-31,-6.28
2015-02-01,-2.43
2015-02-02,-0.77
2015-02-03,-6.85
2015-02-04,-0.57
2015-02-05,0.19
2015-02-06,-7.41
2015-02-07,-1.09
2015-02-08,3.01
2015-02-09,-2.07
2015-02-10,-1.26
2015-02-11,-1.38
2015-02-12,-0.14
2015-02-13,-7.48
2015-02-14,-4.01
2015-02-15,-6.15
2015-02-16,-11.4
2015-02-17,-6.76
2015-02-18,-5.15
2015-02-19,-5.44
2015-02-20,-11.53
2015-02-21,-5.18
2015-02-22,1.04
2015-02-23,-1.69
2015-02-24,-10.15
2015-02-25,-2.32
2015-02-26,-2.44
2015-02-27,-3.93
2015-02-28,-4.93
2015-03-01,-3.24
2015-03-02,0.01
2015-03-03,-1.62
2015-03-04,2.47
2015-03-05,-0.29
2015-03-06,-6.55
2015-03-07,-3.46
2015-03-08,3.94
2015-03-09,5.86
2015-03-10,5.78
2015-03-11,8.57
2015-03-12,8.08
2015-03-13,2.79
2015-03-14,6.52
2015-03-15,7.24
2015-03-16,4.92
2015-03-17,8.25
2015-03-18,1.74
2015-03-19,1.57
2015-03-20,1.52
2015-03-21,1.41
2015-03-22,5.1
2015-03-23,0.08
2015-03-24,0.97
2015-03-25,3.12
2015-03-26,7.71
2015-03-27,7.27
2015-03-28,3.77
2015-03-29,1.22
2015-03-30,5.39
2015-03-31,6.73
2015-04-01,5.16
2015-04-02,7.94
2015-04-03,10.05
2015-04-04,10.2
2015-04-05,10.17
2015-04-06,9.47
2015-04-07,10.52
2015-04-08,7.17
2015-04-09,4.53
2015-04-10,7.16
2015-04-11,13.36
2015-04-12,10.4
2015-04-13,10.73
2015-04-14,13.22
2015-04-15,15.38
2015-04-16,13.62
2015-04-17,13.17
2015-04-18,16.37
2015-04-19,13.23
2015-04-20,11.08
2015-04-21,13.99
2015-04-22,12.77
2015-04-23,8.96
2015-04-24,6.92
2015-04-25,7.94
2015-04-26,10.27
2015-04-27,12.88
2015-04-28,14.57
2015-04-29,17.17
2015-04-30,12.74
2015-05-01,10.63
2015-05-02,10.57
2015-05-03,12.57
2015-05-04,15.98
2015-05-05,19.23
2015-05-06,18.57
2015-05-07,16.36
2015-05-08,14.61
2015-05-09,15.92
2015-05-10,17.9
2015-05-11,19.49
2015-05-12,21.67
2015-05-13,19.21
2015-05-14,15.36
2015-05-15,15.93
2015-05-16,16.96
2015-05-17,20.56
2015-05-18,17.19
2015-05-19,16.51
2015-05-20,17.6
2015-05-21,13.4
2015-05-22,17.33
2015-05-23,15.45
2015-05-24,16.86
2015-05-25,18.96
2015-05-26,20.08
2015-05-27,19.19
2015-05-28,18.51
2015-05-29,21.84
2015-05-30,20.03
2015-05-31,20.87
2015-06-01,16.82
2015-06-02,11.89
2015-06-03,13.97
2015-06-04,14.94
2015-06-05,15.56
2015-06-06,18.72
2015-06-07,17.78
2015-06-08,18.76
2015-06-09,20.99
2015-06-10,23.21
2015-06-11,23.71
2015-06-12,25.56
2015-06-13,26.41
2015-06-14,23.78
2015-06-15,22.05
2015-06-16,20.35
2015-06-17,23.5
2015-06-18,19.4
2015-06-19,23.36
2015-06-20,21.95
2015-06-21,24.39
2015-06-22,27.56
2015-06-23,26.1
2015-06-24,26.03
2015-06-25,24.17
2015-06-26,23.47
2015-06-27,19.98
2015-06-28,19.63
2015-06-29,22.13
2015-06-30,22.95
2015-07-01,24.24
2015-07-02,24.64
2015-07-03,22.87
2015-07-04,22.92
2015-07-05,23.35
2015-07-06,24.02
2015-07-07,25.48
2015-07-08,26.47
2015-07-09,23.77
2015-07-10,24.84
2015-07-11,25.48
2015-07-12,25.75
2015-07-13,25.02
2015-07-14,24.7
2015-07-15,24.79
2015-07-16,22.74
2015-07-17,22.46
2015-07-18,24.48
2015-07-19,26.81
2015-07-20,29.78
2015-07-21,28.84
2015-07-22,26.62
2015-07-23,26.01
2015-07-24,25.69
2015-07-25,25.33
2015-07-26,25.88
2015-07-27,25.78
2015-07-28,26.42
2015-07-29,28.92
2015-07-30,26.07
2015-07-31,27.57
2015-08-01,27.69
2015-08-02,27.31
2015-08-03,26.19
2015-08-04,26.86
2015-08-05,27.86
2015-08-06,25.19
2015-08-07,24.93
2015-08-08,23.88
2015-08-09,24.23
2015-08-10,23.78
2015-08-11,24.05
2015-08-12,26.28
2015-08-13,25.05
2015-08-14,24.87
2015-08-15,25.8
2015-08-16,27.21
2015-08-17,26.98
2015-08-18,26.68
2015-08-19,26.61
2015-08-20,27.06
2015-08-21,25.66
2015-08-22,25.29
2015-08-23,24.36
2015-08-24,25.17
2015-08-25,26.3
2015-08-26,25.21
2015-08-27,24.08
2015-08-28,22.97
2015-08-29,24.18
2015-08-30,24.9
2015-08-31,27.08
2015-09-01,27.25
2015-09-02,25.4
2015-09-03,27.03
2015-09-04,25.91
2015-09-05,22.39
2015-09-06,21.84
2015-09-07,24.34
2015-09-08,26.58
2015-09-09,25.94
2015-09-10,24.01
2015-09-11,22.64
2015-09-12,23.22
2015-09-13,22.44
2015-09-14,19.79
2015-09-15,22.15
2015-09-16,23.13
2015-09-17,23.43
2015-09-18,23.14
2015-09-19,22.53
2015-09-20,23.09
2015-09-21,18.71
2015-09-22,19.28
2015-09-23,19.78
2015-09-24,20.54
2015-09-25,20.13
2015-09-26,18.81
2015-09-27,17.38
2015-09-28,19.7
2015-09-29,23.14
2015-09-30,22.85
2015-10-01,15.39
2015-10-02,11.93
2015-10-03,11.41
2015-10-04,14.63
2015-10-05,14.55
2015-10-06,16.34
2015-10-07,17.73
2015-10-08,17.5
2015-10-09,18.77
2015-10-10,15.81
2015-10-11,14.69
2015-10-12,16.84
2015-10-13,19.01
2015-10-14,17.94
2015-10-15,15.09
2015-10-16,15.59
2015-10-17,11.96
2015-10-18,7.13
2015-10-19,6.37
2015-10-20,13.41
2015-10-21,16.21
2015-10-22,16.2
2015-10-23,15.44
2015-10-24,9.53
2015-10-25,16.07
2015-10-26,11.38
2015-10-27,10.44
2015-10-28,14.68
2015-10-29,19.2
2015-10-30,14.12
2015-10-31,9.35
2015-11-01,14.37
2015-11-02,14.91
2015-11-03,13.7
2015-11-04,15.37
2015-11-05,15.26
2015-11-06,18.49
2015-11-07,18.11
2015-11-08,12.28
2015-11-09,9.91
2015-11-10,13.78
2015-11-11,12.09
2015-11-12,13.23
2015-11-13,13.84
2015-11-14,9.21
2015-11-15,8.77
2015-11-16,13.28
2015-11-17,9.61
2015-11-18,10.43
2015-11-19,15.8
2015-11-20,15.4
2015-11-21,8.67
2015-11-22,11.82
2015-11-23,5.66
2015-11-24,3.94
2015-11-25,5.75
2015-11-26,7.94
2015-11-27,12.11
2015-11-28,12.54
2015-11-29,7.03
2015-11-30,5.21
2015-12-01,8.92
2015-12-02,10.14
2015-12-03,11.32
2015-12-04,8.57
2015-12-05,7.2
2015-12-06,6.99
2015-12-07,8.34
2015-12-08,7.76
2015-12-09,6.77
2015-12-10,12.35
2015-12-11,10.83
2015-12-12,13.17
2015-12-13,14.18
2015-12-14,13.06
2015-12-15,15.73
2015-12-16,10.48
2015-12-17,12.05
2015-12-18,11.14
2015-12-19,3.93
2015-12-20,4.25
2015-12-21,7.82
2015-12-22,12.76
2015-12-23,12.13
2015-12-24,16.3
2015-12-25,14.8
2015-12-26,13.6
2015-12-27,12.31
2015-12-28,7.58
2015-12-29,5.51
2015-12-30,6.25
2015-12-31,9.06
2016-01-01,5.67
2016-01-02,3.09
2016-01-03,4.67
2016-01-04,0.74
2016-01-05,-7.15
2016-01-06,-1.15
2016-01-07,3.06
2016-01-08,4.64
2016-01-09,7.46
2016-01-10,11.32
2016-01-11,2.89
2016-01-12,0.45
2016-01-13,-1.54
2016-01-14,-1.4
2016-01-15,4.63
2016-01-16,8.74
2016-01-17,3.23
2016-01-18,-1.92
2016-01-19,-5.08
2016-01-20,0.24
2016-01-21,0.45
2016-01-22,-2.64
2016-01-23,-1.82
2016-01-24,-2.76
2016-01-25,-0.66
2016-01-26,3.74
2016-01-27,5.94
2016-01-28,1.45
2016-01-29,3.22
2016-01-30,0.86
2016-01-31,4.48
2016-02-01,9.06
2016-02-02,6.88
2016-02-03,8.67
2016-02-04,11.46
2016-02-05,2.88
2016-02-06,0.7
2016-02-07,2.98
2016-02-08,1.53
2016-02-09,-1.03
2016-02-10,1.55
2016-02-11,-2.26
2016-02-12,-5.78
2016-02-13,-5.67
2016-02-14,-12.99
2016-02-15,-5.72
2016-02-16,7.85
2016-02-17,4.35
2016-02-18,1.5
2016-02-19,-1.02
2016-02-20,7.71
2016-02-21,9.7
2016-02-22,7.09
2016-02-23,4.06
2016-02-24,7.38
2016-02-25,10.09
2016-02-26,3.03
2016-02-27,0.32
2016-02-28,6.3
2016-02-29,8.91
2016-03-01,7.64
2016-03-02,8.31
2016-03-03,-0.23
2016-03-04,0.59
2016-03-05,1.62
2016-03-06,2.77
2016-03-07,5.42
2016-03-08,10.39
2016-03-09,9.92
2016-03-10,14.84
2016-03-11,16.16
2016-03-12,9.29
2016-03-13,12.79
2016-03-14,8.61
2016-03-15,9.65
2016-03-16,9.99
2016-03-17,10.51
2016-03-18,11.35
2016-03-19,6.49
2016-03-20,4.09
2016-03-21,3.66
2016-03-22,6.13
2016-03-23,13.49
2016-03-24,9.39
2016-03-25,11.41
2016-03-26,8.27
2016-03-27,6.74
2016-03-28,9.32
2016-03-29,10.31
2016-03-30,6.43
2016-03-31,11.44
2016-04-01,13.15
2016-04-02,11.55
2016-04-03,5.7
2016-04-04,5.39
2016-04-05,0.86
2016-04-06,3.02
2016-04-07,10.92
2016-04-08,9.0
2016-04-09,4.63
2016-04-10,4.23
2016-04-11,8.98
2016-04-12,11.03
2016-04-13,8.07
2016-04-14,8.27
2016-04-15,9.07
2016-04-16,10.34
2016-04-17,11.72
2016-04-18,15.42
2016-04-19,17.13
2016-04-20,14.31
2016-04-21,12.33
2016-04-22,15.94
2016-04-23,17.56
2016-04-24,13.26
2016-04-25,12.78
2016-04-26,13.19
2016-04-27,9.69
2016-04-28,10.97
2016-04-29,10.58
2016-04-30,10.58
2016-05-01,9.22
2016-05-02,9.6
2016-05-03,11.75
2016-05-04,10.27
2016-05-05,10.12
2016-05-06,10.21
2016-05-07,10.73
2016-05-08,11.76
2016-05-09,16.1
2016-05-10,14.01
2016-05-11,15.31
2016-05-12,16.95
2016-05-13,14.36
2016-05-14,17.43
2016-05-15,13.0
2016-05-16,11.85
2016-05-17,14.89
2016-05-18,14.02
2016-05-19,14.08
2016-05-20,16.35
2016-05-21,14.39
2016-05-22,15.21
2016-05-23,16.36
2016-05-24,18.33
2016-05-25,21.9
2016-05-26,23.22
2016-05-27,20.64
2016-05-28,21.6
2016-05-29,21.41
2016-05-30,20.23
2016-05-31,20.86
2016-06-01,22.74
2016-06-02,18.57
2016-06-03,18.29
2016-06-04,20.55
2016-06-05,20.14
2016-06-06,22.39
2016-06-07,23.8
2016-06-08,17.66
2016-06-09,17.71
2016-06-10,20.24
2016-06-11,21.23
2016-06-12,26.94
2016-06-13,19.52
2016-06-14,20.93
2016-06-15,22.92
2016-06-16,20.53
2016-06-17,20.87
2016-06-18,20.39
2016-06-19,21.41
2016-06-20,20.88
2016-06-21,25.7
2016-06-22,26.96
2016-06-23,24.97
2016-06-24,24.18
2016-06-25,22.89
2016-06-26,22.88
2016-06-27,22.88
2016-06-28,22.36
2016-06-29,24.79
2016-06-30,25.47
2016-07-01,23.59
2016-07-02,23.45
2016-07-03,23.94
2016-07-04,23.58
2016-07-05,24.91
2016-07-06,27.63
2016-07-07,26.27
2016-07-08,25.57
2016-07-09,20.5
2016-07-10,22.68
2016-07-11,23.08
2016-07-12,22.56
2016-07-13,23.73
2016-07-14,25.31
2016-07-15,28.7
2016-07-16,27.62
2016-07-17,26.22
2016-07-18,26.6
2016-07-19,26.49
2016-07-20,24.5
2016-07-21,24.94
2016-07-22,26.55
2016-07-23,30.95
2016-07-24,28.57
2016-07-25,25.6
2016-07-26,27.53
2016-07-27,27.67
2016-07-28,26.59
2016-07-29,24.55
2016-07-30,25.39
2016-07-31,24.75
2016-08-01,22.97
2016-08-02,23.18
2016-08-03,22.3
2016-08-04,22.48
2016-08-05,23.41
2016-08-06,25.06
2016-08-07,27.15
2016-08-08,26.38
2016-08-09,25.72
2016-08-10,25.95
2016-08-11,28.16
2016-08-12,28.41
2016-08-13,29.42
2016-08-14,30.84
2016-08-15,28.72
2016-08-16,27.68
2016-08-17,27.72
2016-08-18,26.13
2016-08-19,26.47
2016-08-20,26.22
2016-08-21,26.46
2016-08-22,24.14
2016-08-23,21.91
2016-08-24,23.78
2016-08-25,24.18
2016-08-26,27.23
2016-08-27,27.32
2016-08-28,25.66
2016-08-29,27.09
2016-08-30,25.04
2016-08-31,25.07
2016-09-01,24.36
2016-09-02,22.9
2016-09-03,23.04
2016-09-04,22.22
2016-09-05,22.49
2016-09-06,24.43
2016-09-07,23.93
2016-09-08,24.76
2016-09-09,28.09
2016-09-10,26.73
2016-09-11,26.14
2016-09-12,21.28
2016-09-13,21.18
2016-09-14,23.47
2016-09-15,20.65
2016-09-16,18.87
2016-09-17,18.87
2016-09-18,23.17
2016-09-19,22.32
2016-09-20,22.49
2016-09-21,22.33
2016-09-22,22.65
2016-09-23,21.23
2016-09-24,18.66
2016-09-25,16.62
2016-09-26,16.82
2016-09-27,20.92
2016-09-28,18.29
2016-09-29,16.41
2016-09-30,15.86
2016-10-01,15.61
2016-10-02,16.11
2016-10-03,18.14
2016-10-04,18.03
2016-10-05,15.34
2016-10-06,15.66
2016-10-07,15.86
2016-10-08,17.46
2016-10-09,15.47
2016-10-10,12.96
2016-10-11,12.03
2016-10-12,13.87
2016-10-13,14.89
2016-10-14,13.25
2016-10-15,12.4
2016-10-16,15.69
2016-10-17,19.33
2016-10-18,19.73
2016-10-19,22.69
2016-10-20,19.31
2016-10-21,19.83
2016-10-22,13.46
2016-10-23,12.17
2016-10-24,14.67
2016-10-25,10.29
2016-10-26,7.88
2016-10-27,8.09
2016-10-28,10.88
2016-10-29,9.93
2016-10-30,18.48
2016-10-31,11.52
2016-11-01,9.58
2016-11-02,14.88
2016-11-03,17.29
2016-11-04,14.54
2016-11-05,12.07
2016-11-06,13.4
2016-11-07,8.67
2016-11-08,11.22
2016-11-09,12.82
2016-11-10,10.12
2016-11-11,12.59
2016-11-12,6.84
2016-11-13,9.49
2016-11-14,10.42
2016-11-15,10.3
2016-11-16,11.21
2016-11-17,13.06
2016-11-18,12.17
2016-11-19,11.96
2016-11-20,6.52
2016-11-21,4.35
2016-11-22,4.58
2016-11-23,4.51
2016-11-24,6.78
2016-11-25,9.48
2016-11-26,9.73
2016-11-27,7.38
2016-11-28,7.38
2016-11-29,13.04
2016-11-30,13.37
2016-12-01,12.7
2016-12-02,8.09
2016-12-03,7.6
2016-12-04,6.3
2016-12-05,6.57
2016-12-06,6.25
2016-12-07,6.35
2016-12-08,5.85
2016-12-09,2.77
2016-12-10,0.69
2016-12-11,0.2
2016-12-12,5.9
2016-12-13,4.98
2016-12-14,5.15
2016-12-15,-1.19
2016-12-16,-5.27
2016-12-17,-0.24
2016-12-18,8.55
2016-12-19,-0.59
2016-12-20,-2.8
2016-12-21,1.69
2016-12-22,5.55
2016-12-23,5.98
2016-12-24,5.8
2016-12-25,7.16
2016-12-26,4.23
2016-12-27,11.74
2016-12-28,5.83
2016-12-29,4.76
2016-12-30,3.95
2016-12-31,3.34
